Valores Confirmados;;;;;;;;;;;;;;
;;;;;;;;;;;;;;
Fecha;CUPRUM;;HABITAT;;MAGISTER;;PLANVITAL;;PROVIDA;;SANTA MARIA;;SUMMA BANSANDER;
;Valor Cuota;Valor Patrimonio;Valor Cuota;Valor Patrimonio;Valor Cuota;Valor Patrimonio;Valor Cuota;Valor Patrimonio;Valor Cuota;Valor Patrimonio;Valor Cuota;Valor Patrimonio;Valor Cuota;Valor Patrimonio
01-01-04;13.346,12;3,34252E+11;13.008,63;4,05063E+11;12.560,20;16883377992;13.166,34;28643294096;13.388,29;3,94455E+11;12.971,31;1,35831E+11;13.390,55;2,47379E+11
02-01-04;13.334,16;3,3395E+11;12.995,38;4,11408E+11;12.547,05;16865078217;13.154,66;28617866706;13.381,91;3,94264E+11;12.958,08;1,35693E+11;13.379,08;2,47167E+11
03-01-04;13.334,16;3,3395E+11;12.995,38;4,11408E+11;12.547,05;16865078217;13.154,66;28617866706;13.381,91;3,94264E+11;12.958,08;1,35693E+11;13.379,08;2,47167E+11
04-01-04;13.334,16;3,3395E+11;12.995,38;4,11408E+11;12.547,05;16865078217;13.154,66;28617866706;13.381,91;3,94264E+11;12.958,08;1,35693E+11;13.379,08;2,47167E+11
05-01-04;13.318,05;3,35533E+11;12.986,33;4,11082E+11;12.508,29;16808497147;13.136,74;28576891912;13.368,20;3,93726E+11;12.942,81;1,35408E+11;13.369,62;2,46995E+11
06-01-04;13.341,62;3,36258E+11;13.014,69;4,11935E+11;12.502,90;16801279946;13.152,85;28607791912;13.382,77;3,94078E+11;12.968,25;1,35745E+11;13.394,37;2,47422E+11
07-01-04;13.328,10;3,36528E+11;13.008,25;4,11663E+11;12.460,58;16742916402;13.125,92;28547460312;13.375,46;3,93936E+11;12.948,93;1,35487E+11;13.379,45;2,4797E+11
08-01-04;13.425,65;3,39866E+11;13.101,90;4,14769E+11;12.460,25;16740824813;13.189,25;28974589255;13.465,28;3,96568E+11;13.032,70;1,3638E+11;13.479,98;2,49834E+11
09-01-04;13.424,28;3,40474E+11;13.103,95;4,14772E+11;12.467,14;16753193936;13.189,76;28974031939;13.468,86;3,96663E+11;13.035,08;1,36398E+11;13.473,39;2,50461E+11
10-01-04;13.424,28;3,40474E+11;13.103,95;4,14772E+11;12.467,14;16753193936;13.189,76;28974031939;13.468,86;3,96663E+11;13.035,08;1,36398E+11;13.473,39;2,50461E+11
11-01-04;13.424,28;3,40474E+11;13.103,95;4,14772E+11;12.467,14;16753193936;13.189,76;28974031939;13.468,86;3,96663E+11;13.035,08;1,36398E+11;13.473,39;2,50461E+11
12-01-04;13.396,10;3,4064E+11;13.085,55;4,14064E+11;12.453,98;16885225843;13.168,75;28928049626;13.439,34;3,95791E+11;13.009,08;1,36131E+11;13.454,26;2,50189E+11
13-01-04;13.467,40;3,43131E+11;13.142,99;4,15819E+11;12.462,26;16896739562;13.218,61;29037082648;13.510,61;3,97847E+11;13.074,27;1,37955E+11;13.530,99;2,51693E+11
14-01-04;13.538,84;3,46153E+11;13.203,15;4,23733E+11;12.514,67;16967996861;13.285,21;29185187402;13.579,38;4,00045E+11;13.146,17;1,38709E+11;13.609,67;2,54815E+11
15-01-04;13.581,52;3,48337E+11;13.246,19;4,25331E+11;12.562,84;17039192843;13.317,44;29255225146;13.623,67;4,01281E+11;13.180,32;1,39093E+11;13.647,52;2,55617E+11
16-01-04;13.489,35;3,58158E+11;13.157,77;4,24161E+11;12.527,99;17923652722;13.256,00;31106690284;13.526,85;4,14802E+11;13.099,80;1,44638E+11;13.558,13;2,64485E+11
17-01-04;13.489,35;3,58158E+11;13.157,77;4,24161E+11;12.527,99;17923652722;13.256,00;31106690284;13.526,85;4,14802E+11;13.099,80;1,44638E+11;13.558,13;2,64485E+11
18-01-04;13.489,35;3,58158E+11;13.157,77;4,24161E+11;12.527,99;17923652722;13.256,00;31106690284;13.526,85;4,14802E+11;13.099,80;1,44638E+11;13.558,13;2,64485E+11
19-01-04;13.553,77;3,61022E+11;13.214,14;4,26384E+11;12.568,68;17988648505;13.304,73;31220602481;13.594,27;4,23248E+11;13.162,67;1,45328E+11;13.613,58;2,6616E+11
20-01-04;13.452,79;3,59596E+11;13.112,17;4,23099E+11;12.532,25;17945395645;13.226,57;31042305241;13.486,25;4,19894E+11;13.068,58;1,44282E+11;13.513,28;2,6463E+11
21-01-04;13.452,90;3,60792E+11;13.129,11;4,23628E+11;12.507,83;17917628466;13.216,91;31019448030;13.490,53;4,20054E+11;13.076,12;1,44362E+11;13.522,14;2,66994E+11
22-01-04;13.497,66;3,63032E+11;13.162,43;4,25697E+11;12.496,25;17906197930;13.240,11;31075266044;13.524,50;4,21094E+11;13.110,47;1,45159E+11;13.557,99;2,67804E+11
23-01-04;13.557,72;3,66936E+11;13.226,24;4,27857E+11;12.530,46;17965453049;13.292,66;31382903402;13.589,08;4,23118E+11;13.167,32;1,45776E+11;13.617,34;2,70161E+11
24-01-04;13.557,72;3,66936E+11;13.226,24;4,27857E+11;12.530,46;17965453049;13.292,66;31382903402;13.589,08;4,23118E+11;13.167,32;1,45776E+11;13.617,34;2,70161E+11
25-01-04;13.557,72;3,66936E+11;13.226,24;4,27857E+11;12.530,46;17965453049;13.292,66;31382903402;13.589,08;4,23118E+11;13.167,32;1,45776E+11;13.617,34;2,70161E+11
26-01-04;13.643,01;3,69998E+11;13.302,07;4,30221E+11;12.601,67;18070969787;13.372,26;31589899932;13.675,05;4,25775E+11;13.246,45;1,46988E+11;13.707,61;2,72027E+11
27-01-04;13.646,80;3,706E+11;13.300,53;4,30946E+11;12.654,46;18097198676;13.388,36;31660083474;13.672,99;4,25702E+11;13.248,48;1,50282E+11;13.714,58;2,72424E+11
28-01-04;13.608,23;3,69877E+11;13.271,47;4,29993E+11;12.646,00;18086609942;13.359,42;31618963526;13.636,98;4,24573E+11;13.213,43;1,49876E+11;13.659,20;2,73293E+11
29-01-04;13.685,30;3,72151E+11;13.351,78;4,32588E+11;12.692,49;18157649968;13.423,53;31785970861;13.714,36;4,29955E+11;13.286,96;1,5071E+11;13.746,25;2,75211E+11
30-01-04;13.663,72;3,7213E+11;13.320,86;4,32432E+11;12.706,60;18177701012;13.412,03;31757670258;13.699,12;4,29434E+11;13.265,23;1,50395E+11;13.721,82;2,747E+11
31-01-04;13.663,72;3,7213E+11;13.320,86;4,32432E+11;12.706,60;18177701012;13.412,03;31757670258;13.699,12;4,29434E+11;13.265,23;1,50395E+11;13.721,82;2,747E+11
01-02-04;13.663,72;3,7213E+11;13.320,86;4,32432E+11;12.706,60;18177701012;13.412,03;31757670258;13.699,12;4,29434E+11;13.265,23;1,50395E+11;13.721,82;2,747E+11
02-02-04;13.447,11;3,7186E+11;13.112,71;4,36664E+11;12.613,01;18043813868;13.241,70;31354348072;13.481,69;4,31375E+11;13.062,22;1,48086E+11;13.490,85;2,70076E+11
03-02-04;13.280,41;3,68116E+11;12.958,95;4,31501E+11;12.465,32;17830197575;13.086,36;30976354222;13.316,41;4,26059E+11;12.907,49;1,46358E+11;13.325,67;2,66757E+11
04-02-04;13.451,35;3,73766E+11;13.122,78;4,37083E+11;12.494,34;17871515847;13.208,62;31262830081;13.477,86;4,31152E+11;13.065,52;1,50144E+11;13.490,72;2,70761E+11
05-02-04;13.488,61;3,75552E+11;13.163,22;4,38409E+11;12.535,77;17930423024;13.244,77;31359373684;13.510,30;4,3217E+11;13.096,23;1,50425E+11;13.531,50;2,7154E+11
06-02-04;13.489,72;3,76387E+11;13.160,82;4,38545E+11;12.581,30;17995531699;13.255,66;32126645776;13.514,47;4,32288E+11;13.102,08;1,50485E+11;13.537,93;2,73196E+11
07-02-04;13.489,72;3,76387E+11;13.160,82;4,38545E+11;12.581,30;17995531699;13.255,66;32126645776;13.514,47;4,32288E+11;13.102,08;1,50485E+11;13.537,93;2,73196E+11
08-02-04;13.489,72;3,76387E+11;13.160,82;4,38545E+11;12.581,30;17995531699;13.255,66;32126645776;13.514,47;4,32288E+11;13.102,08;1,50485E+11;13.537,93;2,73196E+11
09-02-04;13.505,64;3,77605E+11;13.188,55;4,39453E+11;12.646,49;18089709637;13.290,47;32211133510;13.540,19;4,33096E+11;13.126,10;1,50782E+11;13.559,28;2,73607E+11
10-02-04;13.432,53;3,76462E+11;13.106,53;4,36628E+11;12.607,17;18034221668;13.229,69;32065059723;13.452,67;4,3028E+11;13.050,17;1,49904E+11;13.477,10;2,71991E+11
11-02-04;13.536,22;3,80438E+11;13.204,66;4,39889E+11;12.614,22;18044043486;13.299,43;32310427083;13.553,53;4,335E+11;13.139,90;1,50922E+11;13.577,90;2,76968E+11
12-02-04;13.600,60;3,83096E+11;13.265,40;4,51586E+11;12.638,54;18683720813;13.351,67;32435089458;13.618,89;4,35573E+11;13.197,98;1,51588E+11;13.640,01;2,78265E+11
13-02-04;13.588,04;3,84042E+11;13.256,90;4,5145E+11;12.633,93;18676946566;13.347,52;32425012949;13.606,86;4,3551E+11;13.188,91;1,51482E+11;13.630,07;2,78779E+11
14-02-04;13.588,04;3,84042E+11;13.256,90;4,5145E+11;12.633,93;18676946566;13.347,52;32425012949;13.606,86;4,3551E+11;13.188,91;1,51482E+11;13.630,07;2,78779E+11
15-02-04;13.588,04;3,84042E+11;13.256,90;4,5145E+11;12.633,93;18676946566;13.347,52;32425012949;13.606,86;4,3551E+11;13.188,91;1,51482E+11;13.630,07;2,78779E+11
16-02-04;13.643,96;3,9541E+11;13.301,96;4,53553E+11;12.641,19;18975047941;13.386,18;31252753972;13.653,83;4,5239E+11;13.232,83;1,56766E+11;13.682,79;2,84986E+11
17-02-04;13.718,35;3,98562E+11;13.376,80;4,57516E+11;12.694,37;19075559267;13.455,68;34190091481;13.728,37;4,5483E+11;13.302,41;1,60998E+11;13.764,91;2,8727E+11
18-02-04;13.661,25;3,9803E+11;13.321,30;4,55602E+11;12.683,25;19066757012;13.419,84;34103176408;13.676,57;4,53034E+11;13.258,66;1,60466E+11;13.710,21;2,87831E+11
19-02-04;13.804,45;4,03307E+11;13.459,46;4,60379E+11;12.748,92;19179040813;13.553,00;34441558846;13.827,56;4,5842E+11;13.401,28;1,62346E+11;13.857,03;2,91689E+11
20-02-04;13.969,58;4,09364E+11;13.616,33;4,6573E+11;12.861,86;19356676602;13.705,80;34829048974;13.992,80;4,63924E+11;13.559,50;1,64262E+11;14.020,96;2,96683E+11
21-02-04;13.969,58;4,09364E+11;13.616,33;4,6573E+11;12.861,86;19356676602;13.705,80;34829048974;13.992,80;4,63924E+11;13.559,50;1,64262E+11;14.020,96;2,96683E+11
22-02-04;13.969,58;4,09364E+11;13.616,33;4,6573E+11;12.861,86;19356676602;13.705,80;34829048974;13.992,80;4,63924E+11;13.559,50;1,64262E+11;14.020,96;2,96683E+11
23-02-04;13.874,21;4,08858E+11;13.523,78;4,62559E+11;12.855,48;19351332091;13.630,92;34685009449;13.897,29;4,60754E+11;13.477,02;1,63563E+11;13.931,69;2,94973E+11
24-02-04;13.851,59;4,09795E+11;13.505,57;4,62877E+11;12.865,87;19838674841;13.615,12;34656503236;13.870,98;4,59882E+11;13.452,96;1,63276E+11;13.906,16;2,94597E+11
25-02-04;13.899,75;4,13039E+11;13.560,07;4,64732E+11;12.904,50;19912325747;13.664,18;35402566669;13.920,88;4,6152E+11;13.504,03;1,63894E+11;13.954,36;2,97803E+11
26-02-04;13.771,97;4,11383E+11;13.433,05;4,60363E+11;12.849,90;19844091637;13.557,75;35173444931;13.802,16;4,60226E+11;13.382,76;1,62409E+11;13.836,27;2,95347E+11
27-02-04;13.880,21;4,16662E+11;13.540,61;4,64881E+11;12.916,68;19947151245;13.655,60;35427252916;13.917,12;4,64046E+11;13.491,22;1,64092E+11;13.945,79;2,97918E+11
28-02-04;13.880,21;4,16662E+11;13.540,61;4,64881E+11;12.916,68;19947151245;13.655,60;35427252916;13.917,12;4,64046E+11;13.491,22;1,64092E+11;13.945,79;2,97918E+11
29-02-04;13.880,21;4,16662E+11;13.540,61;4,64881E+11;12.916,68;19947151245;13.655,60;35427252916;13.917,12;4,64046E+11;13.491,22;1,64092E+11;13.945,79;2,97918E+11
01-03-04;13.861,46;4,17577E+11;13.531,20;4,7857E+11;;;12.925,75;55413294551;13.899,18;4,73642E+11;13.476,29;1,63903E+11;13.933,68;2,97659E+11
02-03-04;13.875,92;4,19436E+11;13.544,06;4,79054E+11;;;12.940,15;55475058290;13.919,25;4,74342E+11;13.495,91;1,64225E+11;13.952,37;2,98059E+11
03-03-04;14.011,57;4,25115E+11;13.658,98;4,83102E+11;;;13.031,69;55867471512;14.056,90;4,79021E+11;13.629,18;1,65845E+11;14.089,19;3,04612E+11
04-03-04;14.147,63;4,32596E+11;13.792,52;4,87783E+11;;;13.141,33;56337534138;14.187,49;4,83468E+11;13.762,36;1,675E+11;14.221,39;3,07433E+11
05-03-04;14.090,69;4,30793E+11;13.745,51;4,86671E+11;;;13.123,81;56260207552;14.126,94;4,81378E+11;13.697,56;1,66698E+11;14.158,18;3,07835E+11
06-03-04;14.090,69;4,30793E+11;13.745,51;4,86671E+11;;;13.123,81;56260207552;14.126,94;4,81378E+11;13.697,56;1,66698E+11;14.158,18;3,07835E+11
07-03-04;14.090,69;4,30793E+11;13.745,51;4,86671E+11;;;13.123,81;56260207552;14.126,94;4,81378E+11;13.697,56;1,66698E+11;14.158,18;3,07835E+11
08-03-04;13.998,04;4,29513E+11;13.656,13;4,83414E+11;;;13.054,65;56168277734;14.021,20;4,77674E+11;13.601,96;1,65592E+11;14.051,17;3,05513E+11
09-03-04;14.010,60;4,31503E+11;13.669,15;4,83739E+11;;;13.032,22;56069774017;14.054,46;4,78777E+11;13.620,38;1,71201E+11;14.070,10;3,06023E+11
10-03-04;13.984,24;4,32257E+11;13.648,34;4,83006E+11;;;13.012,19;55968978802;14.030,99;4,77947E+11;13.593,13;1,70854E+11;14.050,96;3,08432E+11
11-03-04;14.048,03;4,35988E+11;13.696,42;4,84647E+11;;;13.066,39;56199237712;14.090,48;4,79959E+11;13.652,57;1,71601E+11;14.113,49;3,09948E+11
12-03-04;13.899,27;4,33216E+11;13.554,68;4,94531E+11;;;12.972,20;55814871112;13.925,83;4,74574E+11;13.505,42;1,69729E+11;13.948,84;3,0818E+11
13-03-04;13.899,27;4,33216E+11;13.554,68;4,94531E+11;;;12.972,20;55814871112;13.925,83;4,74574E+11;13.505,42;1,69729E+11;13.948,84;3,0818E+11
14-03-04;13.899,27;4,33216E+11;13.554,68;4,94531E+11;;;12.972,20;55814871112;13.925,83;4,74574E+11;13.505,42;1,69729E+11;13.948,84;3,0818E+11
15-03-04;13.753,92;4,30726E+11;13.411,40;4,89371E+11;;;12.836,02;55273175433;13.792,97;4,82144E+11;13.362,52;1,67958E+11;13.798,37;3,04859E+11
16-03-04;13.797,80;4,42898E+11;13.455,53;4,91801E+11;;;12.855,96;54443541673;13.836,34;4,93574E+11;13.392,79;1,7195E+11;13.838,77;3,12248E+11
17-03-04;13.719,75;4,41717E+11;13.384,30;4,90135E+11;;;12.800,26;54199273989;13.766,86;4,91086E+11;13.319,19;1,71003E+11;13.767,24;3,1398E+11
18-03-04;13.776,59;4,44784E+11;13.429,43;4,91803E+11;;;12.858,48;58173379681;13.833,61;4,93471E+11;13.376,68;1,71874E+11;13.830,40;3,1557E+11
19-03-04;13.800,00;4,47545E+11;13.450,38;4,92596E+11;;;12.867,78;58217034490;13.840,46;4,93699E+11;13.385,50;1,71987E+11;13.841,89;3,17344E+11
20-03-04;13.800,00;4,47545E+11;13.450,38;4,92596E+11;;;12.867,78;58217034490;13.840,46;4,93699E+11;13.385,50;1,71987E+11;13.841,89;3,17344E+11
21-03-04;13.800,00;4,47545E+11;13.450,38;4,92596E+11;;;12.867,78;58217034490;13.840,46;4,93699E+11;13.385,50;1,71987E+11;13.841,89;3,17344E+11
22-03-04;13.865,55;4,52865E+11;13.515,96;4,94958E+11;;;12.909,00;58438360613;13.911,92;4,96602E+11;13.443,95;1,72933E+11;13.913,34;3,19184E+11
23-03-04;13.788,57;4,52646E+11;13.444,53;4,92335E+11;;;12.843,23;58157024444;13.821,06;4,9335E+11;13.362,37;1,77558E+11;13.816,13;3,1711E+11
24-03-04;13.699,31;4,51535E+11;13.370,20;4,89647E+11;;;12.779,92;57868505496;13.748,49;4,90721E+11;13.282,50;1,76486E+11;13.744,21;3,1757E+11
25-03-04;13.702,61;4,53185E+11;13.342,11;4,90294E+11;;;12.779,62;57915434838;13.744,98;4,90591E+11;13.273,59;1,76812E+11;13.739,65;3,17634E+11
26-03-04;13.662,26;4,54458E+11;13.302,96;4,88845E+11;;;12.749,24;57809962286;13.699,36;4,88902E+11;13.238,77;1,76308E+11;13.703,05;3,18163E+11
27-03-04;13.662,26;4,54458E+11;13.302,96;4,88845E+11;;;12.749,24;57809962286;13.699,36;4,88902E+11;13.238,77;1,76308E+11;13.703,05;3,18163E+11
28-03-04;13.662,26;4,54458E+11;13.302,96;4,88845E+11;;;12.749,24;57809962286;13.699,36;4,88902E+11;13.238,77;1,76308E+11;13.703,05;3,18163E+11
29-03-04;13.792,08;4,5914E+11;13.415,28;4,92915E+11;;;12.848,45;58306371123;13.828,30;5,06411E+11;13.357,69;1,78111E+11;13.823,19;3,20985E+11
30-03-04;13.850,92;4,60949E+11;13.478,98;4,95185E+11;;;12.902,40;58576047657;13.880,62;5,11822E+11;13.415,77;1,78883E+11;13.883,00;3,24213E+11
31-03-04;13.985,20;4,65418E+11;13.599,52;5,01106E+11;;;13.011,67;59043345784;14.009,74;5,16699E+11;13.540,03;1,80595E+11;14.012,77;3,27214E+11
01-04-04;13.941,57;4,63966E+11;13.572,77;5,23858E+11;;;12.998,28;58979742880;13.977,69;5,15513E+11;13.505,51;1,80131E+11;13.987,86;3,26641E+11
02-04-04;13.982,65;4,65334E+11;13.604,06;5,25025E+11;;;13.018,68;59071202923;14.020,23;5,17164E+11;13.543,63;1,80676E+11;14.024,11;3,27442E+11
03-04-04;13.982,65;4,65334E+11;13.604,06;5,25025E+11;;;13.018,68;59071202923;14.020,23;5,17164E+11;13.543,63;1,80676E+11;14.024,11;3,27442E+11
04-04-04;13.982,65;4,65334E+11;13.604,06;5,25025E+11;;;13.018,68;59071202923;14.020,23;5,17164E+11;13.543,63;1,80676E+11;14.024,11;3,27442E+11
05-04-04;14.082,85;4,68666E+11;13.683,75;5,2808E+11;;;13.093,27;59407719123;14.120,74;5,20846E+11;13.626,82;1,81783E+11;14.109,24;3,30483E+11
06-04-04;14.142,91;4,70569E+11;13.729,07;5,29812E+11;;;13.143,45;59635578878;14.171,73;5,2276E+11;13.672,62;1,8678E+11;14.169,61;3,31897E+11
07-04-04;14.210,31;4,72767E+11;13.799,38;5,32931E+11;;;13.197,63;59880441288;14.237,14;5,25221E+11;13.742,56;1,87762E+11;14.240,89;3,34779E+11
08-04-04;14.257,81;4,74317E+11;13.840,72;5,34568E+11;;;13.229,52;62093539212;14.285,99;5,26945E+11;13.787,97;1,88378E+11;14.290,57;3,35968E+11
09-04-04;14.257,81;4,74317E+11;13.840,72;5,34568E+11;;;13.229,52;62093539212;14.285,99;5,26945E+11;13.787,97;1,88378E+11;14.290,57;3,35968E+11
10-04-04;14.257,81;4,74317E+11;13.840,72;5,34568E+11;;;13.229,52;62093539212;14.285,99;5,26945E+11;13.787,97;1,88378E+11;14.290,57;3,35968E+11
11-04-04;14.257,81;4,74317E+11;13.840,72;5,34568E+11;;;13.229,52;62093539212;14.285,99;5,26945E+11;13.787,97;1,88378E+11;14.290,57;3,35968E+11
12-04-04;14.131,97;4,70084E+11;13.720,40;5,32691E+11;;;13.137,97;61663758007;14.155,28;5,28985E+11;13.673,04;1,86805E+11;14.166,69;3,33089E+11
13-04-04;14.141,54;4,70373E+11;13.728,11;5,32924E+11;;;13.133,92;61639288639;14.167,93;5,2945E+11;13.675,94;1,86938E+11;14.173,79;3,33295E+11
14-04-04;14.117,09;4,69495E+11;13.696,69;5,31673E+11;;;13.104,53;61509362461;14.136,82;5,28714E+11;13.647,04;1,86536E+11;14.152,23;3,34276E+11
15-04-04;14.158,47;4,71276E+11;13.724,72;5,32833E+11;;;13.122,85;61596816137;14.173,37;5,30146E+11;13.689,94;1,87179E+11;14.184,00;3,34985E+11
16-04-04;14.037,46;4,75963E+11;13.599,97;5,32245E+11;;;13.016,45;60163300597;14.038,11;5,34428E+11;13.570,70;1,90309E+11;14.044,99;3,37561E+11
17-04-04;14.037,46;4,75963E+11;13.599,97;5,32245E+11;;;13.016,45;60163300597;14.038,11;5,34428E+11;13.570,70;1,90309E+11;14.044,99;3,37561E+11
18-04-04;14.037,46;4,75963E+11;13.599,97;5,32245E+11;;;13.016,45;60163300597;14.038,11;5,34428E+11;13.570,70;1,90309E+11;14.044,99;3,37561E+11
19-04-04;13.921,50;4,7238E+11;13.499,57;5,28408E+11;;;12.937,49;63497772606;13.933,49;5,30436E+11;13.462,15;1,88783E+11;13.936,01;3,36033E+11
20-04-04;13.927,11;4,72923E+11;13.506,28;5,28635E+11;;;12.929,92;63439180594;13.933,50;5,3042E+11;13.463,36;1,91196E+11;13.926,99;3,36224E+11
21-04-04;13.944,14;4,74055E+11;13.527,70;5,29471E+11;;;12.944,26;63525744609;13.959,56;5,31451E+11;13.486,44;1,91523E+11;13.954,85;3,38689E+11
22-04-04;13.939,11;4,74096E+11;13.502,90;5,28467E+11;;;12.936,78;63490165357;13.924,04;5,301E+11;13.468,88;1,91254E+11;13.926,04;3,38067E+11
23-04-04;13.972,71;4,75349E+11;13.532,99;5,29711E+11;;;12.960,92;63608119136;13.956,59;5,31272E+11;13.497,46;1,9159E+11;13.953,68;3,39986E+11
24-04-04;13.972,71;4,75349E+11;13.532,99;5,29711E+11;;;12.960,92;63608119136;13.956,59;5,31272E+11;13.497,46;1,9159E+11;13.953,68;3,39986E+11
25-04-04;13.972,71;4,75349E+11;13.532,99;5,29711E+11;;;12.960,92;63608119136;13.956,59;5,31272E+11;13.497,46;1,9159E+11;13.953,68;3,39986E+11
26-04-04;13.983,02;4,76806E+11;13.545,97;5,31685E+11;;;12.985,27;63755012542;13.972,48;5,39763E+11;13.514,79;1,92775E+11;13.975,18;3,40597E+11
27-04-04;14.003,30;4,77498E+11;13.568,36;5,32508E+11;;;13.000,38;63863396666;13.988,82;5,40346E+11;13.526,51;1,92938E+11;13.992,92;3,4235E+11
28-04-04;14.084,03;4,82352E+11;13.635,40;5,35141E+11;;;13.063,35;64236282396;14.069,30;5,43438E+11;13.603,34;1,94028E+11;14.060,90;3,44062E+11
29-04-04;14.072,95;4,82998E+11;13.622,82;5,34599E+11;;;13.060,24;64261420798;14.055,58;5,46522E+11;13.592,18;1,93864E+11;14.045,62;3,44095E+11
30-04-04;13.952,15;4,82369E+11;13.510,63;5,31319E+11;;;12.961,62;63848403179;13.935,69;5,41749E+11;13.469,07;1,92271E+11;13.927,40;3,41259E+11
01-05-04;13.952,15;4,82369E+11;13.510,63;5,31319E+11;;;12.961,62;63848403179;13.935,69;5,41749E+11;13.469,07;1,92271E+11;13.927,40;3,41259E+11
02-05-04;13.952,15;4,82369E+11;13.510,63;5,31319E+11;;;12.961,62;63848403179;13.935,69;5,41749E+11;13.469,07;1,92271E+11;13.927,40;3,41259E+11
03-05-04;13.783,21;4,76482E+11;13.362,51;5,3636E+11;;;12.818,66;63144184444;13.771,72;5,38144E+11;13.307,71;1,88467E+11;13.758,41;3,37118E+11
04-05-04;13.695,90;4,73421E+11;13.279,78;5,32998E+11;;;12.746,01;62752887795;13.683,79;5,34809E+11;13.221,91;1,87239E+11;13.687,18;3,35436E+11
05-05-04;13.702,69;4,78168E+11;13.296,91;5,33649E+11;;;12.738,75;62707944511;13.689,25;5,35052E+11;13.226,98;1,87304E+11;13.689,49;3,35711E+11
06-05-04;13.828,42;4,84202E+11;13.419,07;5,38535E+11;;;12.850,50;63225039942;13.810,82;5,39751E+11;13.346,31;1,89079E+11;13.813,15;3,38743E+11
07-05-04;13.916,15;4,88682E+11;13.482,61;5,41369E+11;;;12.908,23;64414142159;13.879,80;5,42424E+11;13.416,66;1,9002E+11;13.884,60;3,40514E+11
08-05-04;13.916,15;4,88682E+11;13.482,61;5,41369E+11;;;12.908,23;64414142159;13.879,80;5,42424E+11;13.416,66;1,9002E+11;13.884,60;3,40514E+11
09-05-04;13.916,15;4,88682E+11;13.482,61;5,41369E+11;;;12.908,23;64414142159;13.879,80;5,42424E+11;13.416,66;1,9002E+11;13.884,60;3,40514E+11
10-05-04;13.788,83;4,858E+11;13.367,40;5,36745E+11;;;12.803,77;63890620842;13.755,30;5,37545E+11;13.302,77;1,88419E+11;13.746,21;3,37119E+11
11-05-04;13.630,91;4,80769E+11;13.212,66;5,3009E+11;;;12.671,61;63231144362;13.570,16;5,30291E+11;13.150,93;1,88509E+11;13.591,10;3,33297E+11
12-05-04;13.290,95;4,69153E+11;12.917,38;5,22373E+11;;;12.392,64;61839679439;13.244,42;5,17588E+11;12.834,12;1,8394E+11;13.275,82;3,26073E+11
13-05-04;13.415,68;4,73937E+11;13.040,64;5,27228E+11;;;12.498,21;62369259452;13.373,83;5,23025E+11;12.967,76;1,85885E+11;13.395,52;3,29073E+11
14-05-04;13.427,25;4,74467E+11;13.026,84;5,26681E+11;;;12.489,53;62425521531;13.368,08;5,22734E+11;12.962,34;1,85792E+11;13.392,74;3,29014E+11
15-05-04;13.427,25;4,74467E+11;13.026,84;5,26681E+11;;;12.489,53;62425521531;13.368,08;5,22734E+11;12.962,34;1,85792E+11;13.392,74;3,29014E+11
16-05-04;13.427,25;4,74467E+11;13.026,84;5,26681E+11;;;12.489,53;62425521531;13.368,08;5,22734E+11;12.962,34;1,85792E+11;13.392,74;3,29014E+11
17-05-04;13.329,01;4,81789E+11;12.940,24;5,31544E+11;;;12.400,58;59807351525;13.265,80;5,38351E+11;12.873,64;1,89106E+11;13.298,69;3,40095E+11
18-05-04;13.342,20;4,82399E+11;12.957,81;5,32212E+11;;;12.412,79;66646152411;13.279,63;5,38927E+11;12.895,68;1,89426E+11;13.320,71;3,41309E+11
19-05-04;13.147,14;4,74953E+11;12.780,94;5,24898E+11;;;12.263,35;65861371316;13.111,98;5,32123E+11;12.723,71;1,86899E+11;13.160,64;3,34672E+11
20-05-04;13.261,31;4,79392E+11;12.905,36;5,30052E+11;;;12.356,66;66361767867;13.224,45;5,37014E+11;12.825,45;1,88371E+11;13.248,26;3,37006E+11
21-05-04;13.261,31;4,79392E+11;12.905,36;5,30052E+11;;;12.356,66;66361767867;13.224,45;5,37014E+11;12.825,45;1,88371E+11;13.248,26;3,37006E+11
22-05-04;13.261,31;4,79392E+11;12.905,36;5,30052E+11;;;12.356,66;66361767867;13.224,45;5,37014E+11;12.825,45;1,88371E+11;13.248,26;3,37006E+11
23-05-04;13.261,31;4,79392E+11;12.905,36;5,30052E+11;;;12.356,66;66361767867;13.224,45;5,37014E+11;12.825,45;1,88371E+11;13.248,26;3,37006E+11
24-05-04;13.489,68;4,87846E+11;13.093,07;5,38588E+11;;;12.547,18;67383745163;13.428,26;5,45161E+11;13.029,11;1,91879E+11;13.443,18;3,40562E+11
25-05-04;13.416,10;4,85455E+11;13.021,65;5,3573E+11;;;12.499,27;67175597188;13.356,91;5,42265E+11;12.956,35;1,92431E+11;13.367,11;3,38809E+11
26-05-04;13.472,71;4,87368E+11;13.079,61;5,3854E+11;;;12.543,91;67448978622;13.410,21;5,45206E+11;13.002,85;1,93097E+11;13.409,90;3,39045E+11
27-05-04;13.558,52;4,90299E+11;13.156,47;5,41655E+11;;;12.608,71;67840378080;13.499,43;5,48859E+11;13.084,66;1,94311E+11;13.491,67;3,41264E+11
28-05-04;13.615,46;4,9238E+11;13.222,79;5,44522E+11;;;12.671,32;68229662786;13.569,25;5,53845E+11;13.145,06;1,95669E+11;13.566,02;3,42675E+11
29-05-04;13.615,46;4,9238E+11;13.222,79;5,44522E+11;;;12.671,32;68229662786;13.569,25;5,53845E+11;13.145,06;1,95669E+11;13.566,02;3,42675E+11
30-05-04;13.615,46;4,9238E+11;13.222,79;5,44522E+11;;;12.671,32;68229662786;13.569,25;5,53845E+11;13.145,06;1,95669E+11;13.566,02;3,42675E+11
31-05-04;13.680,46;4,95546E+11;13.272,78;5,47415E+11;;;12.720,79;68503915690;13.632,23;5,54724E+11;13.196,98;1,96297E+11;13.622,30;3,44044E+11
01-06-04;13.759,44;4,98514E+11;13.358,90;5,50929E+11;;;12.793,72;68895255086;13.714,83;5,58081E+11;13.278,62;1,97509E+11;13.698,82;3,45991E+11
02-06-04;13.796,75;5,00048E+11;13.393,44;5,45345E+11;;;12.818,63;69030408918;13.742,60;5,5921E+11;13.309,73;1,97996E+11;13.727,00;3,47081E+11
03-06-04;13.697,42;4,96361E+11;13.293,69;5,41104E+11;;;12.753,22;68679760805;13.648,87;5,55385E+11;13.220,02;1,96659E+11;13.642,60;3,44882E+11
04-06-04;13.705,62;4,96876E+11;13.298,79;5,41285E+11;;;12.749,58;68659410487;13.647,88;5,55328E+11;13.226,39;1,96749E+11;13.640,02;3,44667E+11
05-06-04;13.705,62;4,96876E+11;13.298,79;5,41285E+11;;;12.749,58;68659410487;13.647,88;5,55328E+11;13.226,39;1,96749E+11;13.640,02;3,44667E+11
06-06-04;13.705,62;4,96876E+11;13.298,79;5,41285E+11;;;12.749,58;68659410487;13.647,88;5,55328E+11;13.226,39;1,96749E+11;13.640,02;3,44667E+11
07-06-04;13.705,62;4,96876E+11;13.298,79;5,41285E+11;;;12.749,58;68659410487;13.647,88;5,55328E+11;13.226,39;1,96749E+11;13.640,02;3,44667E+11
08-06-04;13.646,33;4,94694E+11;13.259,65;5,39868E+11;;;12.709,47;68531059401;13.597,58;5,53258E+11;13.175,39;1,95705E+11;13.594,22;3,43454E+11
09-06-04;13.773,93;4,99507E+11;13.375,41;5,44515E+11;;;12.820,27;69126609280;13.719,19;5,58175E+11;13.292,16;1,97363E+11;13.724,22;3,45297E+11
10-06-04;13.848,06;5,0255E+11;13.442,44;5,47002E+11;;;12.873,45;69413014651;13.786,07;5,60869E+11;13.358,31;1,98344E+11;13.797,12;3,47135E+11
11-06-04;13.838,58;5,02386E+11;13.448,83;5,47255E+11;;;12.886,31;69499022345;13.793,95;5,61121E+11;13.362,19;1,98477E+11;13.797,80;3,47202E+11
12-06-04;13.838,58;5,02386E+11;13.448,83;5,47255E+11;;;12.886,31;69499022345;13.793,95;5,61121E+11;13.362,19;1,98477E+11;13.797,80;3,47202E+11
13-06-04;13.838,58;5,02386E+11;13.448,83;5,47255E+11;;;12.886,31;69499022345;13.793,95;5,61121E+11;13.362,19;1,98477E+11;13.797,80;3,47202E+11
14-06-04;13.795,93;5,01174E+11;13.398,86;5,43904E+11;;;12.849,89;69301762794;13.739,80;5,5935E+11;13.311,96;1,97726E+11;13.740,58;3,45846E+11
15-06-04;13.765,45;5,00308E+11;13.363,21;5,4241E+11;;;12.822,40;69158055674;13.705,02;5,5797E+11;13.279,34;1,97237E+11;13.701,91;3,44903E+11
16-06-04;13.695,21;4,98169E+11;13.314,95;5,40502E+11;;;12.766,73;68968440733;13.642,62;5,55411E+11;13.220,36;1,96389E+11;13.651,05;3,43972E+11
17-06-04;13.742,89;5,1137E+11;13.343,35;5,43756E+11;;;12.801,12;64992163707;13.682,73;5,67906E+11;13.263,09;2,03069E+11;13.683,14;3,55267E+11
18-06-04;13.776,58;5,12766E+11;13.396,50;5,4728E+11;;;12.845,45;65217210203;13.723,36;5,69499E+11;13.300,69;2,03643E+11;13.725,02;3,56526E+11
19-06-04;13.776,58;5,12766E+11;13.396,50;5,4728E+11;;;12.845,45;65217210203;13.723,36;5,69499E+11;13.300,69;2,03643E+11;13.725,02;3,56526E+11
20-06-04;13.776,58;5,12766E+11;13.396,50;5,4728E+11;;;12.845,45;65217210203;13.723,36;5,69499E+11;13.300,69;2,03643E+11;13.725,02;3,56526E+11
21-06-04;13.831,95;5,15291E+11;13.444,05;5,49333E+11;;;12.893,29;65475259166;13.770,80;5,71464E+11;13.344,21;2,04536E+11;13.778,71;3,57946E+11
22-06-04;13.856,34;5,16277E+11;13.467,89;5,50301E+11;;;12.901,44;72398599673;13.805,49;5,7349E+11;13.368,19;2,04901E+11;13.800,33;3,58782E+11
23-06-04;13.792,31;5,14402E+11;13.409,70;5,47901E+11;;;12.843,68;72113377714;13.737,72;5,70668E+11;13.305,86;2,03943E+11;13.735,03;3,57268E+11
24-06-04;13.801,39;5,14994E+11;13.404,29;5,47717E+11;;;12.844,29;72189905863;13.743,84;5,709E+11;13.310,10;2,04005E+11;13.738,16;3,57428E+11
25-06-04;13.834,82;5,16578E+11;13.448,38;5,50201E+11;;;12.883,58;72451365575;13.794,26;5,72957E+11;13.350,33;2,05258E+11;13.781,10;3,58557E+11
26-06-04;13.834,82;5,16578E+11;13.448,38;5,50201E+11;;;12.883,58;72451365575;13.794,26;5,72957E+11;13.350,33;2,05258E+11;13.781,10;3,58557E+11
27-06-04;13.834,82;5,16578E+11;13.448,38;5,50201E+11;;;12.883,58;72451365575;13.794,26;5,72957E+11;13.350,33;2,05258E+11;13.781,10;3,58557E+11
28-06-04;13.834,82;5,16578E+11;13.448,38;5,50201E+11;;;12.883,58;72451365575;13.794,26;5,72957E+11;13.350,33;2,05258E+11;13.781,10;3,58557E+11
29-06-04;13.940,26;5,21777E+11;13.542,36;5,54049E+11;;;12.954,93;72905280486;13.885,30;5,73904E+11;13.440,64;2,06642E+11;13.871,94;3,62679E+11
30-06-04;13.962,17;5,22565E+11;13.560,86;5,5588E+11;;;12.977,64;72954302450;13.897,54;5,74392E+11;13.456,66;2,0692E+11;13.887,75;3,63197E+11
01-07-04;13.957,08;5,23347E+11;13.562,09;5,56642E+11;;;12.973,73;72931442988;13.898,96;5,74451E+11;13.452,56;2,06855E+11;13.881,94;3,63045E+11
02-07-04;13.966,68;5,23905E+11;13.571,48;5,57023E+11;;;12.984,03;72989303550;13.905,73;5,74676E+11;13.457,55;2,06958E+11;13.890,77;3,63216E+11
03-07-04;13.966,68;5,23905E+11;13.571,48;5,57023E+11;;;12.984,03;72989303550;13.905,73;5,74676E+11;13.457,55;2,06958E+11;13.890,77;3,63216E+11
04-07-04;13.966,68;5,23905E+11;13.571,48;5,57023E+11;;;12.984,03;72989303550;13.905,73;5,74676E+11;13.457,55;2,06958E+11;13.890,77;3,63216E+11
05-07-04;13.965,43;5,24293E+11;13.575,35;5,57165E+11;;;12.984,60;72991390497;13.903,60;5,74587E+11;13.451,82;2,06856E+11;13.885,13;3,62992E+11
06-07-04;13.949,67;5,23446E+11;13.548,92;5,5602E+11;;;12.961,43;72861076251;13.876,39;5,73423E+11;13.432,66;2,06561E+11;13.863,43;3,62221E+11
07-07-04;13.961,37;5,23903E+11;13.556,17;5,56287E+11;;;12.969,29;72904557321;13.891,22;5,73995E+11;13.442,17;2,06701E+11;13.872,06;3,62736E+11
08-07-04;13.928,82;5,22956E+11;13.548,71;5,5672E+11;;;12.953,16;72721470101;13.874,90;5,73285E+11;13.417,59;2,0633E+11;13.847,48;3,62125E+11
09-07-04;13.941,54;5,23667E+11;13.559,30;5,57259E+11;;;12.962,51;72772305506;13.877,98;5,73447E+11;13.425,32;2,06443E+11;13.856,44;3,62709E+11
10-07-04;13.941,54;5,23667E+11;13.559,30;5,57259E+11;;;12.962,51;72772305506;13.877,98;5,73447E+11;13.425,32;2,06443E+11;13.856,44;3,62709E+11
11-07-04;13.941,54;5,23667E+11;13.559,30;5,57259E+11;;;12.962,51;72772305506;13.877,98;5,73447E+11;13.425,32;2,06443E+11;13.856,44;3,62709E+11
12-07-04;13.969,41;5,25092E+11;13.589,52;5,5853E+11;;;12.984,21;72892115898;13.907,88;5,74654E+11;13.456,28;2,06905E+11;13.879,39;3,63338E+11
13-07-04;13.944,36;5,24602E+11;13.575,47;5,58027E+11;;;12.967,35;72797478655;13.883,71;5,73579E+11;13.432,36;2,07126E+11;13.850,49;3,62575E+11
14-07-04;13.979,84;5,26158E+11;13.607,05;5,5928E+11;;;12.999,68;72982027359;13.919,75;5,75053E+11;13.464,32;2,07616E+11;13.888,97;3,6429E+11
15-07-04;13.944,22;5,25145E+11;13.569,22;5,59588E+11;;;12.962,24;72767849847;13.874,94;5,73251E+11;13.422,01;2,07008E+11;13.845,18;3,63151E+11
16-07-04;13.894,43;5,30302E+11;13.527,54;5,57214E+11;;;12.918,41;68941548017;13.837,08;5,75642E+11;13.386,92;2,09722E+11;13.806,98;3,66081E+11
17-07-04;13.894,43;5,30302E+11;13.527,54;5,57214E+11;;;12.918,41;68941548017;13.837,08;5,75642E+11;13.386,92;2,09722E+11;13.806,98;3,66081E+11
18-07-04;13.894,43;5,30302E+11;13.527,54;5,57214E+11;;;12.918,41;68941548017;13.837,08;5,75642E+11;13.386,92;2,09722E+11;13.806,98;3,66081E+11
19-07-04;13.841,26;5,28988E+11;13.490,80;5,56475E+11;;;12.896,15;74205183186;13.809,11;5,74446E+11;13.346,04;2,09078E+11;13.771,90;3,65244E+11
20-07-04;13.928,09;5,32595E+11;13.518,30;5,57509E+11;;;12.960,39;74574714849;13.893,93;5,77955E+11;13.420,38;2,10242E+11;13.851,05;3,6872E+11
21-07-04;13.915,53;5,32479E+11;13.491,95;5,57048E+11;;;12.938,34;74447935594;13.868,56;5,80949E+11;13.401,47;2,10398E+11;13.832,13;3,69181E+11
22-07-04;13.959,68;5,35097E+11;13.530,78;5,60883E+11;;;12.975,19;74681259622;13.916,99;5,8293E+11;13.443,59;2,11055E+11;13.870,11;3,70143E+11
23-07-04;13.878,22;5,33161E+11;13.459,96;5,57978E+11;;;12.911,21;74312940915;13.835,60;5,79481E+11;13.371,19;2,09916E+11;13.798,21;3,68617E+11
24-07-04;13.878,22;5,33161E+11;13.459,96;5,57978E+11;;;12.911,21;74312940915;13.835,60;5,79481E+11;13.371,19;2,09916E+11;13.798,21;3,68617E+11
25-07-04;13.878,22;5,33161E+11;13.459,96;5,57978E+11;;;12.911,21;74312940915;13.835,60;5,79481E+11;13.371,19;2,09916E+11;13.798,21;3,68617E+11
26-07-04;13.855,57;5,3321E+11;13.426,12;5,56936E+11;;;12.880,28;74199092843;13.805,19;5,7904E+11;13.350,32;2,10164E+11;13.770,61;3,67945E+11
27-07-04;13.870,62;5,3448E+11;13.456,78;5,5815E+11;;;12.904,67;74389421311;13.826,56;5,80971E+11;13.371,75;2,11418E+11;13.791,00;3,68778E+11
28-07-04;13.833,98;5,33491E+11;13.422,26;5,57284E+11;;;12.877,64;74288595523;13.796,52;5,80506E+11;13.341,53;2,10938E+11;13.760,97;3,68352E+11
29-07-04;13.805,64;5,33134E+11;13.401,62;5,59017E+11;;;12.852,02;74182777357;13.769,52;5,79864E+11;13.315,22;2,10521E+11;13.731,39;3,67633E+11
30-07-04;13.778,28;5,3175E+11;13.377,47;5,58681E+11;;;12.827,74;73928101869;13.738,62;5,78364E+11;13.290,02;2,10173E+11;13.703,89;3,66658E+11
31-07-04;13.778,28;5,3175E+11;13.377,47;5,58681E+11;;;12.827,74;73928101869;13.738,62;5,78364E+11;13.290,02;2,10173E+11;13.703,89;3,66658E+11
01-08-04;13.778,28;5,3175E+11;13.377,47;5,58681E+11;;;12.827,74;73928101869;13.738,62;5,78364E+11;13.290,02;2,10173E+11;13.703,89;3,66658E+11
02-08-04;13.886,77;5,38003E+11;13.474,29;5,62598E+11;;;12.922,43;74473810692;13.850,51;5,83041E+11;13.393,85;2,11808E+11;13.807,23;3,69423E+11
03-08-04;13.936,80;5,40511E+11;13.518,76;5,64439E+11;;;12.967,83;74731729061;13.900,73;5,85106E+11;13.436,71;2,12476E+11;13.856,02;3,7073E+11
04-08-04;13.895,02;5,39412E+11;13.482,33;5,62836E+11;;;12.929,14;74508793812;13.857,22;5,83246E+11;13.395,85;2,1189E+11;13.814,69;3,70921E+11
05-08-04;13.910,69;5,4051E+11;13.544,17;5,66997E+11;;;12.933,31;74530827406;13.857,97;5,82307E+11;13.398,92;2,11933E+11;13.817,18;3,70941E+11
06-08-04;13.864,89;5,39157E+11;13.507,15;5,65504E+11;;;12.901,71;74644109649;13.826,79;5,8088E+11;13.363,71;2,11329E+11;13.779,49;3,70199E+11
07-08-04;13.864,89;5,39157E+11;13.507,15;5,65504E+11;;;12.901,71;74644109649;13.826,79;5,8088E+11;13.363,71;2,11329E+11;13.779,49;3,70199E+11
08-08-04;13.864,89;5,39157E+11;13.507,15;5,65504E+11;;;12.901,71;74644109649;13.826,79;5,8088E+11;13.363,71;2,11329E+11;13.779,49;3,70199E+11
09-08-04;13.834,70;5,38157E+11;13.498,39;5,65146E+11;;;12.882,59;74532524715;13.801,50;5,85266E+11;13.341,51;2,11E+11;13.753,45;3,69467E+11
10-08-04;13.787,40;5,36166E+11;13.435,59;5,6203E+11;;;12.828,05;74241327352;13.749,96;5,83054E+11;13.295,87;2,11561E+11;13.708,39;3,68288E+11
11-08-04;13.775,07;5,35867E+11;13.432,22;5,61865E+11;;;12.820,85;74202711289;13.741,88;5,82651E+11;13.289,07;2,1145E+11;13.706,02;3,68163E+11
12-08-04;13.866,92;5,39439E+11;13.512,19;5,65686E+11;;;12.893,94;74625563718;13.822,73;5,86047E+11;13.362,05;2,12639E+11;13.785,80;3,7031E+11
13-08-04;13.862,34;5,39736E+11;13.513,45;5,65697E+11;;;12.891,41;74616183552;13.815,14;5,85717E+11;13.354,51;2,12477E+11;13.773,92;3,70304E+11
14-08-04;13.862,34;5,39736E+11;13.513,45;5,65697E+11;;;12.891,41;74616183552;13.815,14;5,85717E+11;13.354,51;2,12477E+11;13.773,92;3,70304E+11
15-08-04;13.862,34;5,39736E+11;13.513,45;5,65697E+11;;;12.891,41;74616183552;13.815,14;5,85717E+11;13.354,51;2,12477E+11;13.773,92;3,70304E+11
16-08-04;13.832,33;5,45365E+11;13.494,40;5,64163E+11;;;12.874,49;71025689913;13.790,88;5,85806E+11;13.334,75;2,14198E+11;13.751,65;3,71031E+11
17-08-04;13.807,10;5,44245E+11;13.455,57;5,63303E+11;;;12.841,58;74622508116;13.763,61;5,84642E+11;13.304,25;2,13703E+11;13.722,85;3,70694E+11
18-08-04;13.859,66;5,46186E+11;13.502,51;5,65246E+11;;;12.889,10;76052986696;13.817,84;5,87007E+11;13.356,72;2,14543E+11;13.775,95;3,72902E+11
19-08-04;13.972,51;5,51262E+11;13.614,87;5,68826E+11;;;12.990,35;76648104833;13.935,42;5,9197E+11;13.465,29;2,16284E+11;13.894,67;3,75981E+11
20-08-04;14.000,92;5,53051E+11;13.639,47;5,69797E+11;;;13.024,38;76849501925;13.983,06;5,93932E+11;13.497,68;2,16801E+11;13.934,29;3,77076E+11
21-08-04;14.000,92;5,53051E+11;13.639,47;5,69797E+11;;;13.024,38;76849501925;13.983,06;5,93932E+11;13.497,68;2,16801E+11;13.934,29;3,77076E+11
22-08-04;14.000,92;5,53051E+11;13.639,47;5,69797E+11;;;13.024,38;76849501925;13.983,06;5,93932E+11;13.497,68;2,16801E+11;13.934,29;3,77076E+11
23-08-04;14.077,29;5,56493E+11;13.699,57;5,72612E+11;;;13.078,12;77166506885;14.043,64;5,97129E+11;13.561,64;2,18424E+11;14.001,75;3,78902E+11
24-08-04;14.055,36;5,56264E+11;13.680,06;5,71598E+11;;;13.060,20;77087213463;14.019,89;5,96117E+11;13.542,18;2,18388E+11;13.987,21;3,78321E+11
25-08-04;14.010,81;5,54844E+11;13.637,46;5,70539E+11;;;13.015,69;76895334464;13.973,07;5,94705E+11;13.501,07;2,17689E+11;13.944,39;3,77412E+11
26-08-04;14.091,12;5,58316E+11;13.728,34;5,72965E+11;;;13.089,51;77388018137;14.060,13;5,99482E+11;13.577,55;2,18898E+11;14.022,82;3,79627E+11
27-08-04;14.164,88;5,61585E+11;13.784,69;5,75179E+11;;;13.151,10;77796141169;14.118,55;6,02466E+11;13.632,36;2,20163E+11;14.085,88;3,81194E+11
28-08-04;14.164,88;5,61585E+11;13.784,69;5,75179E+11;;;13.151,10;77796141169;14.118,55;6,02466E+11;13.632,36;2,20163E+11;14.085,88;3,81194E+11
29-08-04;14.164,88;5,61585E+11;13.784,69;5,75179E+11;;;13.151,10;77796141169;14.118,55;6,02466E+11;13.632,36;2,20163E+11;14.085,88;3,81194E+11
30-08-04;14.147,05;5,61154E+11;13.762,72;5,74793E+11;;;13.146,82;77811469411;14.107,02;6,03815E+11;13.624,91;2,20108E+11;14.077,63;3,80884E+11
31-08-04;14.254,22;5,64443E+11;13.864,91;5,78567E+11;;;13.236,15;78270128179;14.219,60;6,08622E+11;13.720,81;2,21269E+11;14.179,06;3,83287E+11
01-09-04;14.185,19;5,62886E+11;13.810,10;5,76217E+11;;;13.189,40;77992829899;14.160,20;6,06074E+11;13.665,66;2,20374E+11;14.120,00;3,8169E+11
02-09-04;14.265,48;5,6654E+11;13.881,30;5,79785E+11;;;13.256,81;78389523815;14.240,86;6,09479E+11;13.735,98;2,21526E+11;14.196,69;3,83767E+11
03-09-04;14.288,05;5,6792E+11;13.899,10;5,80521E+11;;;13.277,28;78510298786;14.262,44;6,10336E+11;13.757,02;2,21861E+11;14.220,00;3,84892E+11
04-09-04;14.288,05;5,6792E+11;13.899,10;5,80521E+11;;;13.277,28;78510298786;14.262,44;6,10336E+11;13.757,02;2,21861E+11;14.220,00;3,84892E+11
05-09-04;14.288,05;5,6792E+11;13.899,10;5,80521E+11;;;13.277,28;78510298786;14.262,44;6,10336E+11;13.757,02;2,21861E+11;14.220,00;3,84892E+11
06-09-04;14.291,35;5,68428E+11;13.905,53;5,80537E+11;;;13.274,52;78788159329;14.256,41;6,10022E+11;13.755,51;2,21848E+11;14.215,92;3,84707E+11
07-09-04;14.266,86;5,68214E+11;13.891,37;5,80002E+11;;;13.262,02;78716649476;14.239,98;6,09315E+11;13.740,55;2,22178E+11;14.192,33;3,84091E+11
08-09-04;14.294,32;5,69839E+11;13.916,99;5,81121E+11;;;13.286,13;78874724309;14.267,15;6,10456E+11;13.764,75;2,22526E+11;14.232,01;3,85654E+11
09-09-04;14.278,68;5,69712E+11;13.898,84;5,81891E+11;;;13.258,18;78708793354;14.223,23;6,0868E+11;13.728,70;2,21885E+11;14.204,48;3,85137E+11
10-09-04;14.237,56;5,6849E+11;13.854,14;5,79956E+11;;;13.211,89;78431143498;14.171,21;6,06407E+11;13.691,30;2,21102E+11;14.152,28;3,84079E+11
11-09-04;14.237,56;5,6849E+11;13.854,14;5,79956E+11;;;13.211,89;78431143498;14.171,21;6,06407E+11;13.691,30;2,21102E+11;14.152,28;3,84079E+11
12-09-04;14.237,56;5,6849E+11;13.854,14;5,79956E+11;;;13.211,89;78431143498;14.171,21;6,06407E+11;13.691,30;2,21102E+11;14.152,28;3,84079E+11
13-09-04;14.271,67;5,70401E+11;13.885,73;5,81349E+11;;;13.239,27;78613118608;14.209,51;6,09184E+11;13.720,62;2,21573E+11;14.187,59;3,84982E+11
14-09-04;14.289,98;5,70843E+11;13.890,91;5,8155E+11;;;13.261,72;78761816994;14.221,47;6,09742E+11;13.733,45;2,21777E+11;14.199,38;3,86293E+11
15-09-04;14.369,19;5,7418E+11;13.972,65;5,84906E+11;;;13.330,06;79167672816;14.294,79;6,12913E+11;13.809,47;2,23001E+11;14.273,58;3,89055E+11
16-09-04;14.413,37;5,87792E+11;14.010,30;5,93293E+11;;;13.377,35;74262997649;14.338,78;6,21201E+11;13.847,29;2,25744E+11;14.319,54;3,92019E+11
17-09-04;14.413,37;5,87792E+11;14.010,30;5,93293E+11;;;13.377,35;74262997649;14.338,78;6,21201E+11;13.847,29;2,25744E+11;14.319,54;3,92019E+11
18-09-04;14.413,37;5,87792E+11;14.010,30;5,93293E+11;;;13.377,35;74262997649;14.338,78;6,21201E+11;13.847,29;2,25744E+11;14.319,54;3,92019E+11
19-09-04;14.413,37;5,87792E+11;14.010,30;5,93293E+11;;;13.377,35;74262997649;14.338,78;6,21201E+11;13.847,29;2,25744E+11;14.319,54;3,92019E+11
20-09-04;14.361,34;5,86803E+11;13.968,27;5,91741E+11;;;13.339,78;79994175550;14.305,17;6,20467E+11;13.808,11;2,25101E+11;14.283,06;3,9102E+11
21-09-04;14.432,52;5,90029E+11;14.023,19;5,94165E+11;;;13.398,31;80341296219;14.378,25;6,23617E+11;13.870,08;2,27532E+11;14.350,13;3,93433E+11
22-09-04;14.515,30;5,93505E+11;14.114,14;5,98076E+11;;;13.478,99;80828210389;14.469,26;6,27509E+11;13.956,39;2,29215E+11;14.439,19;3,96897E+11
23-09-04;14.543,40;5,95837E+11;14.124,02;6,01948E+11;;;13.487,40;80878834290;14.480,74;6,28038E+11;13.966,87;2,29376E+11;14.454,15;3,97276E+11
24-09-04;14.475,11;5,9372E+11;14.065,65;5,99683E+11;;;13.433,18;80550457892;14.418,01;6,25735E+11;13.909,71;2,28464E+11;14.392,51;3,95879E+11
25-09-04;14.475,11;5,9372E+11;14.065,65;5,99683E+11;;;13.433,18;80550457892;14.418,01;6,25735E+11;13.909,71;2,28464E+11;14.392,51;3,95879E+11
26-09-04;14.475,11;5,9372E+11;14.065,65;5,99683E+11;;;13.433,18;80550457892;14.418,01;6,25735E+11;13.909,71;2,28464E+11;14.392,51;3,95879E+11
27-09-04;14.469,53;5,947E+11;14.059,06;5,99743E+11;;;13.429,96;80543530594;14.408,20;6,28591E+11;13.905,24;2,28969E+11;14.399,95;3,9633E+11
28-09-04;14.466,23;5,94618E+11;14.053,02;5,99401E+11;;;13.421,57;80570324943;14.406,71;6,29064E+11;13.897,23;2,28833E+11;14.394,03;3,9643E+11
29-09-04;14.354,64;5,90927E+11;13.955,50;5,95894E+11;;;13.328,26;80063754798;14.311,98;6,25712E+11;13.802,25;2,27262E+11;14.296,97;3,95696E+11
30-09-04;14.457,72;5,95087E+11;14.045,03;6,04562E+11;;;13.414,26;80612290620;14.412,55;6,30185E+11;13.894,37;2,29078E+11;14.387,10;3,99915E+11
01-10-04;14.553,96;6,02036E+11;14.142,56;6,07908E+11;;;13.510,81;81192521122;14.520,35;6,34848E+11;13.992,59;2,30693E+11;14.488,21;4,02726E+11
02-10-04;14.553,96;6,02036E+11;14.142,56;6,07908E+11;;;13.510,81;81192521122;14.520,35;6,34848E+11;13.992,59;2,30693E+11;14.488,21;4,02726E+11
03-10-04;14.553,96;6,02036E+11;14.142,56;6,07908E+11;;;13.510,81;81192521122;14.520,35;6,34848E+11;13.992,59;2,30693E+11;14.488,21;4,02726E+11
04-10-04;14.568,38;6,03534E+11;14.156,59;6,08481E+11;;;13.523,34;81266485170;14.529,31;6,35254E+11;14.009,52;2,3076E+11;14.502,88;4,03147E+11
05-10-04;14.681,48;6,08855E+11;14.273,46;6,13446E+11;;;13.630,52;81901500821;14.650,20;6,40106E+11;14.122,58;2,32618E+11;14.624,90;4,06563E+11
06-10-04;14.762,31;6,12648E+11;14.348,62;6,16622E+11;;;13.691,46;82267832420;14.721,51;6,43201E+11;14.185,24;2,33667E+11;14.700,54;4,09417E+11
07-10-04;14.778,71;6,13871E+11;14.352,35;6,20164E+11;;;13.698,23;82306313001;14.724,03;6,43267E+11;14.195,17;2,33826E+11;14.705,06;4,09446E+11
08-10-04;14.819,03;6,15801E+11;14.387,42;6,21638E+11;;;13.731,84;83031283330;14.762,31;6,45037E+11;14.229,13;2,34537E+11;14.736,34;4,10753E+11
09-10-04;14.819,03;6,15801E+11;14.387,42;6,21638E+11;;;13.731,84;83031283330;14.762,31;6,45037E+11;14.229,13;2,34537E+11;14.736,34;4,10753E+11
10-10-04;14.819,03;6,15801E+11;14.387,42;6,21638E+11;;;13.731,84;83031283330;14.762,31;6,45037E+11;14.229,13;2,34537E+11;14.736,34;4,10753E+11
11-10-04;14.819,03;6,15801E+11;14.387,42;6,21638E+11;;;13.731,84;83031283330;14.762,31;6,45037E+11;14.229,13;2,34537E+11;14.736,34;4,10753E+11
12-10-04;14.686,96;6,1087E+11;14.279,35;6,16853E+11;;;13.625,31;82344860254;14.637,10;6,39542E+11;14.111,63;2,32594E+11;14.619,25;4,07466E+11
13-10-04;14.689,38;6,11214E+11;14.258,70;6,15789E+11;;;13.610,21;82260750731;14.617,63;6,38595E+11;14.104,19;2,34584E+11;14.609,55;4,08962E+11
14-10-04;14.691,65;6,11951E+11;14.266,64;6,20178E+11;;;13.607,56;82245059376;14.623,97;6,3924E+11;14.105,49;2,34613E+11;14.607,54;4,08899E+11
15-10-04;14.660,83;6,11154E+11;14.247,53;6,1932E+11;;;13.588,97;82127074121;14.595,82;6,38146E+11;14.080,94;2,34199E+11;14.570,06;4,08517E+11
16-10-04;14.660,83;6,11154E+11;14.247,53;6,1932E+11;;;13.588,97;82127074121;14.595,82;6,38146E+11;14.080,94;2,34199E+11;14.570,06;4,08517E+11
17-10-04;14.660,83;6,11154E+11;14.247,53;6,1932E+11;;;13.588,97;82127074121;14.595,82;6,38146E+11;14.080,94;2,34199E+11;14.570,06;4,08517E+11
18-10-04;14.611,20;6,20141E+11;14.197,03;6,19743E+11;;;13.539,48;76841020102;14.544,27;6,45964E+11;14.031,09;2,36013E+11;14.523,87;4,07414E+11
19-10-04;14.599,69;6,20285E+11;14.180,81;6,19011E+11;;;13.531,37;80408397804;14.530,56;6,45339E+11;14.015,70;2,3575E+11;14.507,65;4,06942E+11
20-10-04;14.682,12;6,24339E+11;14.265,04;6,22608E+11;;;13.629,48;80990574742;14.638,28;6,50112E+11;14.114,66;2,37404E+11;14.612,43;4,12045E+11
21-10-04;14.773,98;6,29978E+11;14.342,77;6,29336E+11;;;13.699,54;84891798665;14.714,33;6,53436E+11;14.190,88;2,39055E+11;14.694,08;4,14336E+11
22-10-04;14.625,43;6,24404E+11;14.204,77;6,23273E+11;;;13.568,72;84080925049;14.573,92;6,48274E+11;14.047,59;2,36641E+11;14.547,73;4,10614E+11
23-10-04;14.625,43;6,24404E+11;14.204,77;6,23273E+11;;;13.568,72;84080925049;14.573,92;6,48274E+11;14.047,59;2,36641E+11;14.547,73;4,10614E+11
24-10-04;14.625,43;6,24404E+11;14.204,77;6,23273E+11;;;13.568,72;84080925049;14.573,92;6,48274E+11;14.047,59;2,36641E+11;14.547,73;4,10614E+11
25-10-04;14.672,89;6,27543E+11;14.254,66;6,26096E+11;;;13.614,91;84366507678;14.627,07;6,50677E+11;14.099,94;2,38111E+11;14.601,55;4,12111E+11
26-10-04;14.794,17;6,33545E+11;14.372,22;6,31232E+11;;;13.724,82;85134838918;14.743,46;6,57062E+11;14.218,41;2,4187E+11;14.724,73;4,15937E+11
27-10-04;14.697,46;6,30271E+11;14.270,54;6,27074E+11;;;13.624,84;84567467165;14.641,85;6,52752E+11;14.114,78;2,40102E+11;14.613,11;4,13394E+11
28-10-04;14.709,61;6,31774E+11;14.282,30;6,3032E+11;;;13.639,02;84694045500;14.653,14;6,54365E+11;14.127,56;2,40321E+11;14.625,93;4,14259E+11
29-10-04;14.897,58;6,39716E+11;14.443,36;6,38844E+11;;;13.796,13;85662570572;14.826,02;6,62041E+11;14.290,40;2,43254E+11;14.800,57;4,1913E+11
30-10-04;14.897,58;6,39716E+11;14.443,36;6,38844E+11;;;13.796,13;85662570572;14.826,02;6,62041E+11;14.290,40;2,43254E+11;14.800,57;4,1913E+11
31-10-04;14.897,58;6,39716E+11;14.443,36;6,38844E+11;;;13.796,13;85662570572;14.826,02;6,62041E+11;14.290,40;2,43254E+11;14.800,57;4,1913E+11
01-11-04;14.897,58;6,39716E+11;14.443,36;6,38844E+11;;;13.796,13;85662570572;14.826,02;6,62041E+11;14.290,40;2,43254E+11;14.800,57;4,1913E+11
02-11-04;14.923,50;6,41278E+11;14.483,19;6,40569E+11;;;13.834,99;85903999923;14.860,83;6,63576E+11;14.327,74;2,43848E+11;14.837,01;4,20162E+11
03-11-04;14.883,10;6,40089E+11;14.438,69;6,38584E+11;;;13.800,82;85684758107;14.828,27;6,62149E+11;14.291,52;2,4326E+11;14.799,09;4,1907E+11
04-11-04;14.954,17;6,43703E+11;14.527,05;6,45467E+11;;;13.879,34;86167313283;14.916,19;6,66056E+11;14.375,58;2,44679E+11;14.885,70;4,21391E+11
05-11-04;15.002,93;6,46245E+11;14.560,19;6,46923E+11;;;13.908,78;86350149248;14.950,35;6,67508E+11;14.413,46;2,45315E+11;14.920,58;4,23845E+11
06-11-04;15.002,93;6,46245E+11;14.560,19;6,46923E+11;;;13.908,78;86350149248;14.950,35;6,67508E+11;14.413,46;2,45315E+11;14.920,58;4,23845E+11
07-11-04;15.002,93;6,46245E+11;14.560,19;6,46923E+11;;;13.908,78;86350149248;14.950,35;6,67508E+11;14.413,46;2,45315E+11;14.920,58;4,23845E+11
08-11-04;15.097,18;6,50285E+11;14.638,56;6,50325E+11;;;13.980,37;87567949762;15.039,69;6,77958E+11;14.495,42;2,46755E+11;15.007,46;4,2627E+11
09-11-04;15.109,83;6,5083E+11;14.655,05;6,51038E+11;;;13.997,90;87677888992;15.060,45;6,78442E+11;14.513,70;2,48764E+11;15.024,60;4,26731E+11
10-11-04;15.130,90;6,53774E+11;14.671,78;6,51702E+11;;;14.013,82;87787560008;15.076,77;6,79159E+11;14.528,87;2,49018E+11;15.041,57;4,27927E+11
11-11-04;15.062,98;6,51021E+11;14.611,43;6,52171E+11;;;13.958,78;87445855290;15.012,33;6,76259E+11;14.463,57;2,47932E+11;14.977,36;4,26058E+11
12-11-04;15.092,60;6,5238E+11;14.640,75;6,53736E+11;;;13.986,52;87621525343;15.039,30;6,77424E+11;14.496,88;2,48483E+11;15.006,34;4,28436E+11
13-11-04;15.092,60;6,5238E+11;14.640,75;6,53736E+11;;;13.986,52;87621525343;15.039,30;6,77424E+11;14.496,88;2,48483E+11;15.006,34;4,28436E+11
14-11-04;15.092,60;6,5238E+11;14.640,75;6,53736E+11;;;13.986,52;87621525343;15.039,30;6,77424E+11;14.496,88;2,48483E+11;15.006,34;4,28436E+11
15-11-04;15.091,84;6,5401E+11;14.630,27;6,5333E+11;;;13.974,55;87543943360;15.028,06;6,77173E+11;14.485,86;2,48285E+11;14.994,14;4,2825E+11
16-11-04;15.107,36;6,65828E+11;14.639,67;6,58684E+11;;;13.983,05;83711204689;15.045,85;6,80891E+11;14.499,99;2,54564E+11;15.009,47;4,30557E+11
17-11-04;15.181,43;6,70111E+11;14.715,30;6,6366E+11;;;14.048,99;91438557246;15.116,29;6,84112E+11;14.571,64;2,55802E+11;15.086,89;4,34958E+11
18-11-04;15.136,07;6,68608E+11;14.678,36;6,66674E+11;;;14.016,59;91227564334;15.077,13;6,82474E+11;14.534,61;2,55151E+11;15.050,66;4,34797E+11
19-11-04;15.136,07;6,68608E+11;14.678,36;6,66674E+11;;;14.016,59;91227564334;15.077,13;6,82474E+11;14.534,61;2,55151E+11;15.050,66;4,34797E+11
20-11-04;15.136,07;6,68608E+11;14.678,36;6,66674E+11;;;14.016,59;91227564334;15.077,13;6,82474E+11;14.534,61;2,55151E+11;15.050,66;4,34797E+11
21-11-04;15.136,07;6,68608E+11;14.678,36;6,66674E+11;;;14.016,59;91227564334;15.077,13;6,82474E+11;14.534,61;2,55151E+11;15.050,66;4,34797E+11
22-11-04;15.222,52;6,74067E+11;14.751,17;6,69852E+11;;;14.088,25;91692427974;15.158,12;6,90961E+11;14.616,31;2,56935E+11;15.135,46;4,3725E+11
23-11-04;15.255,68;6,7861E+11;14.799,98;6,72825E+11;;;14.124,34;91926260157;15.192,18;6,93816E+11;14.657,22;2,59622E+11;15.174,46;4,38397E+11
24-11-04;15.156,13;6,74694E+11;14.695,18;6,6814E+11;;;14.033,00;91350149965;15.091,45;6,8931E+11;14.555,91;2,57805E+11;15.068,60;4,36932E+11
25-11-04;15.214,78;6,78001E+11;14.756,76;6,76018E+11;;;14.089,52;91803378938;15.151,95;6,92476E+11;14.618,70;2,58911E+11;15.134,82;4,38852E+11
26-11-04;15.294,43;6,82846E+11;14.831,71;6,80421E+11;;;14.161,47;92311557145;15.231,54;6,96279E+11;14.696,89;2,60294E+11;15.218,65;4,41858E+11
27-11-04;15.294,43;6,82846E+11;14.831,71;6,80421E+11;;;14.161,47;92311557145;15.231,54;6,96279E+11;14.696,89;2,60294E+11;15.218,65;4,41858E+11
28-11-04;15.294,43;6,82846E+11;14.831,71;6,80421E+11;;;14.161,47;92311557145;15.231,54;6,96279E+11;14.696,89;2,60294E+11;15.218,65;4,41858E+11
29-11-04;15.299,21;6,84122E+11;14.835,33;6,81207E+11;;;14.170,71;92395314608;15.239,42;6,9755E+11;14.710,10;2,6156E+11;15.228,86;4,42164E+11
30-11-04;15.353,74;6,86946E+11;14.884,69;6,83279E+11;;;14.216,77;92604413159;15.291,35;7,00007E+11;14.760,28;2,62401E+11;15.283,04;4,44323E+11
01-12-04;15.370,19;6,87623E+11;14.899,47;6,83895E+11;;;14.232,35;92705894074;15.308,36;7,00792E+11;14.777,75;2,62702E+11;15.306,31;4,44999E+11
02-12-04;15.346,85;6,89927E+11;14.891,50;6,8979E+11;;;14.223,62;92646468056;15.297,27;7,00565E+11;14.767,14;2,62592E+11;15.299,98;4,44799E+11
03-12-04;15.400,71;6,93154E+11;14.923,90;6,91188E+11;;;14.264,10;92910170484;15.343,68;7,02616E+11;14.813,81;2,63418E+11;15.346,90;4,47914E+11
04-12-04;15.400,71;6,93154E+11;14.923,90;6,91188E+11;;;14.264,10;92910170484;15.343,68;7,02616E+11;14.813,81;2,63418E+11;15.346,90;4,47914E+11
05-12-04;15.400,71;6,93154E+11;14.923,90;6,91188E+11;;;14.264,10;92910170484;15.343,68;7,02616E+11;14.813,81;2,63418E+11;15.346,90;4,47914E+11
06-12-04;15.469,63;6,971E+11;14.996,72;6,94509E+11;;;14.330,22;93340806943;15.407,12;7,10921E+11;14.877,94;2,64516E+11;15.415,59;4,49878E+11
07-12-04;15.450,31;6,97162E+11;14.965,95;6,93223E+11;;;14.311,39;93941138073;15.388,97;7,103E+11;14.857,75;2,66877E+11;15.397,21;4,50019E+11
08-12-04;15.450,31;6,97162E+11;14.965,95;6,93223E+11;;;14.311,39;93941138073;15.388,97;7,103E+11;14.857,75;2,66877E+11;15.397,21;4,50019E+11
09-12-04;15.456,09;6,98208E+11;14.967,77;6,98207E+11;;;14.308,16;93913848859;15.387,42;7,10195E+11;14.855,11;2,66908E+11;15.397,26;4,50144E+11
10-12-04;15.448,73;6,98857E+11;14.955,64;6,97159E+11;;;14.295,10;93827838478;15.377,03;7,09683E+11;14.849,22;2,66795E+11;15.378,88;4,50067E+11
11-12-04;15.448,73;6,98857E+11;14.955,64;6,97159E+11;;;14.295,10;93827838478;15.377,03;7,09683E+11;14.849,22;2,66795E+11;15.378,88;4,50067E+11
12-12-04;15.448,73;6,98857E+11;14.955,64;6,97159E+11;;;14.295,10;93827838478;15.377,03;7,09683E+11;14.849,22;2,66795E+11;15.378,88;4,50067E+11
13-12-04;15.341,05;6,94231E+11;14.855,54;6,9259E+11;;;14.193,28;93168106691;15.264,13;7,04257E+11;14.739,65;2,64777E+11;15.263,54;4,46835E+11
14-12-04;15.219,42;6,896E+11;14.757,73;6,88067E+11;;;14.097,93;92546454633;15.151,45;6,99216E+11;14.627,30;2,62804E+11;15.142,96;4,43386E+11
15-12-04;15.175,96;6,88615E+11;14.713,19;6,85954E+11;;;14.057,57;92276470682;15.122,90;6,97876E+11;14.591,75;2,62128E+11;15.102,55;4,42817E+11
16-12-04;15.362,26;6,98592E+11;14.887,67;6,9829E+11;;;14.211,06;93396463085;15.305,73;7,06393E+11;14.769,94;2,65324E+11;15.283,38;4,47834E+11
17-12-04;15.361,06;7,09481E+11;14.869,61;7,04485E+11;;;14.212,00;89229758112;15.299,65;7,14215E+11;14.763,50;2,70292E+11;15.285,52;4,49186E+11
18-12-04;15.361,06;7,09481E+11;14.869,61;7,04485E+11;;;14.212,00;89229758112;15.299,65;7,14215E+11;14.763,50;2,70292E+11;15.285,52;4,49186E+11
19-12-04;15.361,06;7,09481E+11;14.869,61;7,04485E+11;;;14.212,00;89229758112;15.299,65;7,14215E+11;14.763,50;2,70292E+11;15.285,52;4,49186E+11
20-12-04;15.393,57;7,12837E+11;14.908,35;7,06317E+11;;;14.229,63;96393732938;15.332,91;7,15513E+11;14.794,28;2,71183E+11;15.323,69;4,51316E+11
21-12-04;15.244,80;7,07187E+11;14.762,41;6,9948E+11;;;14.086,36;95399800045;15.162,12;7,07667E+11;14.640,16;2,70872E+11;15.180,68;4,48395E+11
22-12-04;15.358,45;7,13207E+11;14.894,58;7,0768E+11;;;14.189,87;96099931126;15.277,03;7,14286E+11;14.769,16;2,73252E+11;15.287,78;4,51626E+11
23-12-04;15.425,24;7,1773E+11;14.954,82;7,15831E+11;;;14.252,44;96509714106;15.345,56;7,17673E+11;14.833,95;2,74429E+11;15.359,01;4,5434E+11
24-12-04;15.428,03;7,18721E+11;14.964,39;7,17182E+11;;;14.257,37;96571017672;15.352,17;7,18316E+11;14.837,01;2,74486E+11;15.370,46;4,54872E+11
25-12-04;15.428,03;7,18721E+11;14.964,39;7,17182E+11;;;14.257,37;96571017672;15.352,17;7,18316E+11;14.837,01;2,74486E+11;15.370,46;4,54872E+11
26-12-04;15.428,03;7,18721E+11;14.964,39;7,17182E+11;;;14.257,37;96571017672;15.352,17;7,18316E+11;14.837,01;2,74486E+11;15.370,46;4,54872E+11
27-12-04;15.418,28;7,18977E+11;14.950,43;7,16449E+11;;;14.247,71;96504078105;15.339,03;7,26353E+11;14.825,55;2,75277E+11;15.356,71;4,54858E+11
28-12-04;15.458,95;7,2189E+11;14.992,84;7,18547E+11;;;14.278,83;96773832015;15.392,76;7,29129E+11;14.862,06;2,75951E+11;15.392,71;4,5593E+11
29-12-04;15.435,54;7,21313E+11;14.963,16;7,17785E+11;;;14.251,46;96676027675;15.369,52;7,28762E+11;14.838,77;2,75515E+11;15.365,76;4,56196E+11
30-12-04;15.499,40;7,24408E+11;15.020,39;7,2107E+11;;;14.308,75;97089594911;15.438,31;7,31969E+11;14.903,71;2,76631E+11;15.431,44;4,57173E+11
31-12-04;15.503,63;7,25084E+11;15.027,96;7,21422E+11;;;14.313,12;97118457470;15.447,19;7,32404E+11;14.905,16;2,76658E+11;15.433,48;4,57175E+11